{"mean": -5.306866057708249e-16, "q1": -0.7827952165216591, "q3": 0.4533228221762912, "iqr": 1.2361180386979502, "upper_fence": 2.3074998802232165, "lower_fence": -2.6369722745685844}