{"mean": -4.107218037896487e-16, "q1": -0.5210406587931702, "q3": 0.6019909349726413, "iqr": 1.1230315937658115, "upper_fence": 2.2865383256213585, "lower_fence": -2.2055880494418876}