{"mean": -6.328271240363392e-17, "q1": -0.6806199920389824, "q3": 0.37746653797115604, "iqr": 1.0580865300101383, "upper_fence": 1.9645963329863636, "lower_fence": -2.26774978705419}