{"mean": 3.896882816434299e-16, "q1": -0.6379877002581091, "q3": 0.49361275273730687, "iqr": 1.131600452995416, "upper_fence": 2.191013432230431, "lower_fence": -2.335388379751233}