{"extreme_monotone": [0, 0, 0, 0, 0, 100, 0, 0, 0, 0, 0], "extreme_variation": [9.09, 9.09, 9.09, 9.09, 9.09, 9.09, 9.09, 9.09, 9.09, 9.09, 9.09], "base_data": [1.9307694584995778, 1.546496736993433, 4.055615237725043, 9.582548300117631, 18.923110707303334, 26.598444820040132, 18.78954684140752, 10.045208492264543, 4.085961011438025, 2.9520742484804816, 1.4902241457302814], "monotone_min": 0.6064091177857418, "varaition_min": 0.317234956962544}