{"mean": 3.6637359812630164e-16, "q1": -0.7033291096375592, "q3": 0.6593492023165209, "iqr": 1.3626783119540802, "upper_fence": 2.7033666702476413, "lower_fence": -2.7473465775686794}